﻿KeyName,ShortName,LongName,ISO2,ISO3
AFGHANISTAN,AFGHANISTAN,ISLAMIC REPUBLIC OF AFGHANISTAN,AF,AFG
ALBANIA,ALBANIA,REPUBLIC OF ALBANIA,AL,ALB
ALGERIA,ALGERIA,PEOPLE'S DEMOCRATIC REPUBLIC OF ALGERIA,DZ,DZA
ANDORRA,ANDORRA,PRINCIPALITY OF ANDORRA,AD,AND
ANGOLA,ANGOLA,REPUBLIC OF ANGOLA,AO,AGO
ANTIGUA AND BARBUDA,ANTIGUA AND BARBUDA,ANTIGUA AND BARBUDA,AG,ATG
ARGENTINA,ARGENTINA,ARGENTINE REPUBLIC,AR,ARG
ARMENIA,ARMENIA,REPUBLIC OF ARMENIA,AM,ARM
AUSTRALIA,AUSTRALIA,COMMONWEALTH OF AUSTRALIA,AU,AUS
AUSTRIA,AUSTRIA,REPUBLIC OF AUSTRIA,AT,AUT
AZERBAIJAN,AZERBAIJAN,REPUBLIC OF AZERBAIJAN,AZ,AZE
BAHAMAS,BAHAMAS,COMMONWEALTH OF THE BAHAMAS,BS,BHS
BAHRAIN,BAHRAIN,KINGDOM OF BAHRAIN,BH,BHR
BANGLADESH,BANGLADESH,PEOPLE'S REPUBLIC OF BANGLADESH,BD,BGD
BARBADOS,BARBADOS,BARBADOS,BB,BRB
BELARUS,BELARUS,REPUBLIC OF BELARUS,BY,BLR
BELGIUM,BELGIUM,KINGDOM OF BELGIUM,BE,BEL
BELIZE,BELIZE,BELIZE,BZ,BLZ
BENIN,BENIN,REPUBLIC OF BENIN,BJ,BEN
BHUTAN,BHUTAN,KINGDOM OF BHUTAN,BT,BTN
BOLIVIA,BOLIVIA,PLURINATIONAL STATE OF BOLIVIA,BO,BOL
BOSNIA AND HERZEGOVINA,BOSNIA AND HERZEGOVINA,BOSNIA AND HERZEGOVINA,BA,BIH
BOTSWANA,BOTSWANA,REPUBLIC OF BOTSWANA,BW,BWA
BRAZIL,BRAZIL,FEDERATIVE REPUBLIC OF BRAZIL,BR,BRA
BRUNEI,BRUNEI,BRUNEI DARUSSALAM,BN,BRN
BULGARIA,BULGARIA,REPUBLIC OF BULGARIA,BG,BGR
BURKINA FASO,BURKINA FASO,BURKINA FASO,BF,BFA
BURMA,BURMA,UNION OF BURMA,MM,MMR
BURUNDI,BURUNDI,REPUBLIC OF BURUNDI,BI,BDI
CABO VERDE,CABO VERDE,REPUBLIC OF CABO VERDE,CV,CPV
CAMBODIA,CAMBODIA,KINGDOM OF CAMBODIA,KH,KHM
CAMEROON,CAMEROON,REPUBLIC OF CAMEROON,CM,CMR
CANADA,CANADA,CANADA,CA,CAN
CENTRAL AFRICAN REPUBLIC,CENTRAL AFRICAN REPUBLIC,CENTRAL AFRICAN REPUBLIC,CF,CAF
CHAD,CHAD,REPUBLIC OF CHAD,TD,TCD
CHILE,CHILE,REPUBLIC OF CHILE,CL,CHL
CHINA,CHINA,PEOPLE'S REPUBLIC OF CHINA,CN,CHN
COLOMBIA,COLOMBIA,REPUBLIC OF COLOMBIA,CO,COL
COMOROS,COMOROS,UNION OF THE COMOROS,KM,COM
CONGO,CONGO,DEMOCRATIC REPUBLIC OF THE CONGO,CD,COD
CONGO,CONGO,REPUBLIC OF THE CONGO,CG,COG
COSTA RICA,COSTA RICA,REPUBLIC OF COSTA RICA,CR,CRI
CÔTE D'IVOIRE,CÔTE D'IVOIRE,REPUBLIC OF CÔTE D'IVOIRE,CI,CIV
CROATIA,CROATIA,REPUBLIC OF CROATIA,HR,HRV
CUBA,CUBA,REPUBLIC OF CUBA,CU,CUB
CYPRUS,CYPRUS,REPUBLIC OF CYPRUS,CY,CYP
CZECHIA,CZECHIA,CZECH REPUBLIC,CZ,CZE
DENMARK,DENMARK,KINGDOM OF DENMARK,DK,DNK
DJIBOUTI,DJIBOUTI,REPUBLIC OF DJIBOUTI,DJ,DJI
DOMINICA,DOMINICA,COMMONWEALTH OF DOMINICA,DM,DMA
DOMINICAN REPUBLIC,DOMINICAN REPUBLIC,DOMINICAN REPUBLIC,DO,DOM
ECUADOR,ECUADOR,REPUBLIC OF ECUADOR,EC,ECU
EGYPT,EGYPT,ARAB REPUBLIC OF EGYPT,EG,EGY
EL SALVADOR,EL SALVADOR,REPUBLIC OF EL SALVADOR,SV,SLV
EQUATORIAL GUINEA,EQUATORIAL GUINEA,REPUBLIC OF EQUATORIAL GUINEA,GQ,GNQ
ERITREA,ERITREA,STATE OF ERITREA,ER,ERI
ESTONIA,ESTONIA,REPUBLIC OF ESTONIA,EE,EST
ESWATINI,ESWATINI,KINGDOM OF ESWATINI,SZ,SWZ
ETHIOPIA,ETHIOPIA,FEDERAL DEMOCRATIC REPUBLIC OF ETHIOPIA,ET,ETH
FIJI,FIJI,REPUBLIC OF FIJI,FJ,FJI
FINLAND,FINLAND,REPUBLIC OF FINLAND,FI,FIN
FRANCE,FRANCE,FRENCH REPUBLIC,FR,FRA
GABON,GABON,GABONESE REPUBLIC,GA,GAB
GAMBIA,GAMBIA,REPUBLIC OF THE GAMBIA,GM,GMB
GEORGIA,GEORGIA,GEORGIA,GE,GEO
GERMANY,GERMANY,FEDERAL REPUBLIC OF GERMANY,DE,DEU
GHANA,GHANA,REPUBLIC OF GHANA,GH,GHA
GREECE,GREECE,HELLENIC REPUBLIC,GR,GRC
GRENADA,GRENADA,GRENADA,GD,GRD
GUATEMALA,GUATEMALA,REPUBLIC OF GUATEMALA,GT,GTM
GUINEA,GUINEA,REPUBLIC OF GUINEA,GN,GIN
GUINEA-BISSAU,GUINEA-BISSAU,REPUBLIC OF GUINEA-BISSAU,GW,GNB
GUYANA,GUYANA,CO-OPERATIVE REPUBLIC OF GUYANA,GY,GUY
HAITI,HAITI,REPUBLIC OF HAITI,HT,HTI
HOLY SEE,HOLY SEE,HOLY SEE,VA,VAT
HONDURAS,HONDURAS,REPUBLIC OF HONDURAS,HN,HND
HUNGARY,HUNGARY,HUNGARY,HU,HUN
ICELAND,ICELAND,REPUBLIC OF ICELAND,IS,ISL
INDIA,INDIA,REPUBLIC OF INDIA,IN,IND
INDONESIA,INDONESIA,REPUBLIC OF INDONESIA,ID,IDN
IRAN,IRAN,ISLAMIC REPUBLIC OF IRAN,IR,IRN
IRAQ,IRAQ,REPUBLIC OF IRAQ,IQ,IRQ
IRELAND,IRELAND,IRELAND,IE,IRL
ISRAEL,ISRAEL,STATE OF ISRAEL,IL,ISR
ITALY,ITALY,ITALIAN REPUBLIC,IT,ITA
JAMAICA,JAMAICA,JAMAICA,JM,JAM
JAPAN,JAPAN,JAPAN,JP,JPN
JORDAN,JORDAN,HASHEMITE KINGDOM OF JORDAN,JO,JOR
KAZAKHSTAN,KAZAKHSTAN,REPUBLIC OF KAZAKHSTAN,KZ,KAZ
KENYA,KENYA,REPUBLIC OF KENYA,KE,KEN
KIRIBATI,KIRIBATI,REPUBLIC OF KIRIBATI,KI,KIR
KOSOVO,KOSOVO,REPUBLIC OF KOSOVO,XK,XKS
KUWAIT,KUWAIT,STATE OF KUWAIT,KW,KWT
KYRGYZSTAN,KYRGYZSTAN,KYRGYZ REPUBLIC,KG,KGZ
LAOS,LAOS,LAO PEOPLE'S DEMOCRATIC REPUBLIC,LA,LAO
LATVIA,LATVIA,REPUBLIC OF LATVIA,LV,LVA
LEBANON,LEBANON,LEBANESE REPUBLIC,LB,LBN
LESOTHO,LESOTHO,KINGDOM OF LESOTHO,LS,LSO
LIBERIA,LIBERIA,REPUBLIC OF LIBERIA,LR,LBR
LIBYA,LIBYA,STATE OF LIBYA,LY,LBY
LIECHTENSTEIN,LIECHTENSTEIN,PRINCIPALITY OF LIECHTENSTEIN,LI,LIE
LITHUANIA,LITHUANIA,REPUBLIC OF LITHUANIA,LT,LTU
LUXEMBOURG,LUXEMBOURG,GRAND DUCHY OF LUXEMBOURG,LU,LUX
MACEDONIA,MACEDONIA,REPUBLIC OF MACEDONIA,MK,MKD
MADAGASCAR,MADAGASCAR,REPUBLIC OF MADAGASCAR,MG,MDG
MALAWI,MALAWI,REPUBLIC OF MALAWI,MW,MWI
MALAYSIA,MALAYSIA,MALAYSIA,MY,MYS
MALDIVES,MALDIVES,REPUBLIC OF MALDIVES,MV,MDV
MALI,MALI,REPUBLIC OF MALI,ML,MLI
MALTA,MALTA,REPUBLIC OF MALTA,MT,MLT
MARSHALL ISLANDS,MARSHALL ISLANDS,REPUBLIC OF THE MARSHALL ISLANDS,MH,MHL
MAURITANIA,MAURITANIA,ISLAMIC REPUBLIC OF MAURITANIA,MR,MRT
MAURITIUS,MAURITIUS,REPUBLIC OF MAURITIUS,MU,MUS
MEXICO,MEXICO,UNITED MEXICAN STATES,MX,MEX
MICRONESIA,MICRONESIA,FEDERATED STATES OF MICRONESIA,FM,FSM
MOLDOVA,MOLDOVA,REPUBLIC OF MOLDOVA,MD,MDA
MONACO,MONACO,PRINCIPALITY OF MONACO,MC,MCO
MONGOLIA,MONGOLIA,MONGOLIA,MN,MNG
MONTENEGRO,MONTENEGRO,MONTENEGRO,ME,MNE
MOROCCO,MOROCCO,KINGDOM OF MOROCCO,MA,MAR
MOZAMBIQUE,MOZAMBIQUE,REPUBLIC OF MOZAMBIQUE,MZ,MOZ
NAMIBIA,NAMIBIA,REPUBLIC OF NAMIBIA,NA,NAM
NAURU,NAURU,REPUBLIC OF NAURU,NR,NRU
NEPAL,NEPAL,FEDERAL DEMOCRATIC REPUBLIC OF NEPAL,NP,NPL
NETHERLANDS,NETHERLANDS,KINGDOM OF THE NETHERLANDS,NL,NLD
NEW ZEALAND,NEW ZEALAND,NEW ZEALAND,NZ,NZL
NICARAGUA,NICARAGUA,REPUBLIC OF NICARAGUA,NI,NIC
NIGER,NIGER,REPUBLIC OF NIGER,NE,NER
NIGERIA,NIGERIA,FEDERAL REPUBLIC OF NIGERIA,NG,NGA
NORTH KOREA,NORTH KOREA,DEMOCRATIC PEOPLE'S REPUBLIC OF KOREA,KP,PRK
NORWAY,NORWAY,KINGDOM OF NORWAY,NO,NOR
OMAN,OMAN,SULTANATE OF OMAN,OM,OMN
PAKISTAN,PAKISTAN,ISLAMIC REPUBLIC OF PAKISTAN,PK,PAK
PALAU,PALAU,REPUBLIC OF PALAU,PW,PLW
PANAMA,PANAMA,REPUBLIC OF PANAMA,PA,PAN
PAPUA NEW GUINEA,PAPUA NEW GUINEA,INDEPENDENT STATE OF PAPUA NEW GUINEA,PG,PNG
PARAGUAY,PARAGUAY,REPUBLIC OF PARAGUAY,PY,PRY
PERU,PERU,REPUBLIC OF PERU,PE,PER
PHILIPPINES,PHILIPPINES,REPUBLIC OF THE PHILIPPINES,PH,PHL
POLAND,POLAND,REPUBLIC OF POLAND,PL,POL
PORTUGAL,PORTUGAL,PORTUGUESE REPUBLIC,PT,PRT
QATAR,QATAR,STATE OF QATAR,QA,QAT
ROMANIA,ROMANIA,ROMANIA,RO,ROU
RUSSIA,RUSSIA,RUSSIAN FEDERATION,RU,RUS
RWANDA,RWANDA,REPUBLIC OF RWANDA,RW,RWA
SAINT KITTS AND NEVIS,SAINT KITTS AND NEVIS,FEDERATION OF SAINT KITTS AND NEVIS,KN,KNA
SAINT LUCIA,SAINT LUCIA,SAINT LUCIA,LC,LCA
SAINT VINCENT AND THE GRENADINES,SAINT VINCENT AND THE GRENADINES,SAINT VINCENT AND THE GRENADINES,VC,VCT
SAMOA,SAMOA,INDEPENDENT STATE OF SAMOA,WS,WSM
SAN MARINO,SAN MARINO,REPUBLIC OF SAN MARINO,SM,SMR
SAO TOME AND PRINCIPE,SAO TOME AND PRINCIPE,DEMOCRATIC REPUBLIC OF SAO TOME AND PRINCIPE,ST,STP
SAUDI ARABIA,SAUDI ARABIA,KINGDOM OF SAUDI ARABIA,SA,SAU
SENEGAL,SENEGAL,REPUBLIC OF SENEGAL,SN,SEN
SERBIA,SERBIA,REPUBLIC OF SERBIA,RS,SRB
SEYCHELLES,SEYCHELLES,REPUBLIC OF SEYCHELLES,SC,SYC
SIERRA LEONE,SIERRA LEONE,REPUBLIC OF SIERRA LEONE,SL,SLE
SINGAPORE,SINGAPORE,REPUBLIC OF SINGAPORE,SG,SGP
SLOVAKIA,SLOVAKIA,SLOVAK REPUBLIC,SK,SVK
SLOVENIA,SLOVENIA,REPUBLIC OF SLOVENIA,SI,SVN
SOLOMON ISLANDS,SOLOMON ISLANDS,SOLOMON ISLANDS,SB,SLB
SOMALIA,SOMALIA,FEDERAL REPUBLIC OF SOMALIA,SO,SOM
SOUTH AFRICA,SOUTH AFRICA,REPUBLIC OF SOUTH AFRICA,ZA,ZAF
SOUTH KOREA,SOUTH KOREA,REPUBLIC OF KOREA,KR,KOR
SOUTH SUDAN,SOUTH SUDAN,REPUBLIC OF SOUTH SUDAN,SS,SSD
SPAIN,SPAIN,KINGDOM OF SPAIN,ES,ESP
SRI LANKA,SRI LANKA,DEMOCRATIC SOCIALIST REPUBLIC OF SRI LANKA,LK,LKA
SUDAN,SUDAN,REPUBLIC OF THE SUDAN,SD,SDN
SURINAME,SURINAME,REPUBLIC OF SURINAME,SR,SUR
SWEDEN,SWEDEN,KINGDOM OF SWEDEN,SE,SWE
SWITZERLAND,SWITZERLAND,SWISS CONFEDERATION,CH,CHE
SYRIA,SYRIA,SYRIAN ARAB REPUBLIC,SY,SYR
TAJIKISTAN,TAJIKISTAN,REPUBLIC OF TAJIKISTAN,TJ,TJK
TANZANIA,TANZANIA,UNITED REPUBLIC OF TANZANIA,TZ,TZA
THAILAND,THAILAND,KINGDOM OF THAILAND,TH,THA
TIMOR-LESTE,TIMOR-LESTE,DEMOCRATIC REPUBLIC OF TIMOR-LESTE,TL,TLS
TOGO,TOGO,TOGOLESE REPUBLIC,TG,TGO
TONGA,TONGA,KINGDOM OF TONGA,TO,TON
TRINIDAD AND TOBAGO,TRINIDAD AND TOBAGO,REPUBLIC OF TRINIDAD AND TOBAGO,TT,TTO
TUNISIA,TUNISIA,REPUBLIC OF TUNISIA,TN,TUN
TURKEY,TURKEY,REPUBLIC OF TURKEY,TR,TUR
TURKMENISTAN,TURKMENISTAN,TURKMENISTAN,TM,TKM
TUVALU,TUVALU,TUVALU,TV,TUV
UGANDA,UGANDA,REPUBLIC OF UGANDA,UG,UGA
UKRAINE,UKRAINE,UKRAINE,UA,UKR
UNITED ARAB EMIRATES,UNITED ARAB EMIRATES,UNITED ARAB EMIRATES,AE,ARE
UNITED KINGDOM,UNITED KINGDOM,UNITED KINGDOM OF GREAT BRITAIN AND NORTHERN IRELAND,GB,GBR
UNITED STATES,UNITED STATES,UNITED STATES OF AMERICA,US,USA
URUGUAY,URUGUAY,ORIENTAL REPUBLIC OF URUGUAY,UY,URY
UZBEKISTAN,UZBEKISTAN,REPUBLIC OF UZBEKISTAN,UZ,UZB
VANUATU,VANUATU,REPUBLIC OF VANUATU,VU,VUT
VENEZUELA,VENEZUELA,BOLIVARIAN REPUBLIC OF VENEZUELA,VE,VEN
VIETNAM,VIETNAM,SOCIALIST REPUBLIC OF VIETNAM,VN,VNM
YEMEN,YEMEN,REPUBLIC OF YEMEN,YE,YEM
ZAMBIA,ZAMBIA,REPUBLIC OF ZAMBIA,ZM,ZMB
ZIMBABWE,ZIMBABWE,REPUBLIC OF ZIMBABWE,ZW,ZWE
ISLAMIC REPUBLIC OF AFGHANISTAN,AFGHANISTAN,ISLAMIC REPUBLIC OF AFGHANISTAN,AF,AFG
REPUBLIC OF ALBANIA,ALBANIA,REPUBLIC OF ALBANIA,AL,ALB
PEOPLE'S DEMOCRATIC REPUBLIC OF ALGERIA,ALGERIA,PEOPLE'S DEMOCRATIC REPUBLIC OF ALGERIA,DZ,DZA
PRINCIPALITY OF ANDORRA,ANDORRA,PRINCIPALITY OF ANDORRA,AD,AND
REPUBLIC OF ANGOLA,ANGOLA,REPUBLIC OF ANGOLA,AO,AGO
ANTIGUA AND BARBUDA,ANTIGUA AND BARBUDA,ANTIGUA AND BARBUDA,AG,ATG
ARGENTINE REPUBLIC,ARGENTINA,ARGENTINE REPUBLIC,AR,ARG
REPUBLIC OF ARMENIA,ARMENIA,REPUBLIC OF ARMENIA,AM,ARM
COMMONWEALTH OF AUSTRALIA,AUSTRALIA,COMMONWEALTH OF AUSTRALIA,AU,AUS
REPUBLIC OF AUSTRIA,AUSTRIA,REPUBLIC OF AUSTRIA,AT,AUT
REPUBLIC OF AZERBAIJAN,AZERBAIJAN,REPUBLIC OF AZERBAIJAN,AZ,AZE
COMMONWEALTH OF THE BAHAMAS,BAHAMAS,COMMONWEALTH OF THE BAHAMAS,BS,BHS
KINGDOM OF BAHRAIN,BAHRAIN,KINGDOM OF BAHRAIN,BH,BHR
PEOPLE'S REPUBLIC OF BANGLADESH,BANGLADESH,PEOPLE'S REPUBLIC OF BANGLADESH,BD,BGD
BARBADOS,BARBADOS,BARBADOS,BB,BRB
REPUBLIC OF BELARUS,BELARUS,REPUBLIC OF BELARUS,BY,BLR
KINGDOM OF BELGIUM,BELGIUM,KINGDOM OF BELGIUM,BE,BEL
BELIZE,BELIZE,BELIZE,BZ,BLZ
REPUBLIC OF BENIN,BENIN,REPUBLIC OF BENIN,BJ,BEN
KINGDOM OF BHUTAN,BHUTAN,KINGDOM OF BHUTAN,BT,BTN
PLURINATIONAL STATE OF BOLIVIA,BOLIVIA,PLURINATIONAL STATE OF BOLIVIA,BO,BOL
BOSNIA AND HERZEGOVINA,BOSNIA AND HERZEGOVINA,BOSNIA AND HERZEGOVINA,BA,BIH
REPUBLIC OF BOTSWANA,BOTSWANA,REPUBLIC OF BOTSWANA,BW,BWA
FEDERATIVE REPUBLIC OF BRAZIL,BRAZIL,FEDERATIVE REPUBLIC OF BRAZIL,BR,BRA
BRUNEI DARUSSALAM,BRUNEI,BRUNEI DARUSSALAM,BN,BRN
REPUBLIC OF BULGARIA,BULGARIA,REPUBLIC OF BULGARIA,BG,BGR
BURKINA FASO,BURKINA FASO,BURKINA FASO,BF,BFA
UNION OF BURMA,BURMA,UNION OF BURMA,MM,MMR
REPUBLIC OF BURUNDI,BURUNDI,REPUBLIC OF BURUNDI,BI,BDI
REPUBLIC OF CABO VERDE,CABO VERDE,REPUBLIC OF CABO VERDE,CV,CPV
KINGDOM OF CAMBODIA,CAMBODIA,KINGDOM OF CAMBODIA,KH,KHM
REPUBLIC OF CAMEROON,CAMEROON,REPUBLIC OF CAMEROON,CM,CMR
CANADA,CANADA,CANADA,CA,CAN
CENTRAL AFRICAN REPUBLIC,CENTRAL AFRICAN REPUBLIC,CENTRAL AFRICAN REPUBLIC,CF,CAF
REPUBLIC OF CHAD,CHAD,REPUBLIC OF CHAD,TD,TCD
REPUBLIC OF CHILE,CHILE,REPUBLIC OF CHILE,CL,CHL
PEOPLE'S REPUBLIC OF CHINA,CHINA,PEOPLE'S REPUBLIC OF CHINA,CN,CHN
REPUBLIC OF COLOMBIA,COLOMBIA,REPUBLIC OF COLOMBIA,CO,COL
UNION OF THE COMOROS,COMOROS,UNION OF THE COMOROS,KM,COM
DEMOCRATIC REPUBLIC OF THE CONGO,CONGO,DEMOCRATIC REPUBLIC OF THE CONGO,CD,COD
REPUBLIC OF THE CONGO,CONGO,REPUBLIC OF THE CONGO,CG,COG
REPUBLIC OF COSTA RICA,COSTA RICA,REPUBLIC OF COSTA RICA,CR,CRI
REPUBLIC OF CÔTE D'IVOIRE,CÔTE D'IVOIRE,REPUBLIC OF CÔTE D'IVOIRE,CI,CIV
REPUBLIC OF CROATIA,CROATIA,REPUBLIC OF CROATIA,HR,HRV
REPUBLIC OF CUBA,CUBA,REPUBLIC OF CUBA,CU,CUB
REPUBLIC OF CYPRUS,CYPRUS,REPUBLIC OF CYPRUS,CY,CYP
CZECH REPUBLIC,CZECHIA,CZECH REPUBLIC,CZ,CZE
KINGDOM OF DENMARK,DENMARK,KINGDOM OF DENMARK,DK,DNK
REPUBLIC OF DJIBOUTI,DJIBOUTI,REPUBLIC OF DJIBOUTI,DJ,DJI
COMMONWEALTH OF DOMINICA,DOMINICA,COMMONWEALTH OF DOMINICA,DM,DMA
DOMINICAN REPUBLIC,DOMINICAN REPUBLIC,DOMINICAN REPUBLIC,DO,DOM
REPUBLIC OF ECUADOR,ECUADOR,REPUBLIC OF ECUADOR,EC,ECU
ARAB REPUBLIC OF EGYPT,EGYPT,ARAB REPUBLIC OF EGYPT,EG,EGY
REPUBLIC OF EL SALVADOR,EL SALVADOR,REPUBLIC OF EL SALVADOR,SV,SLV
REPUBLIC OF EQUATORIAL GUINEA,EQUATORIAL GUINEA,REPUBLIC OF EQUATORIAL GUINEA,GQ,GNQ
STATE OF ERITREA,ERITREA,STATE OF ERITREA,ER,ERI
REPUBLIC OF ESTONIA,ESTONIA,REPUBLIC OF ESTONIA,EE,EST
KINGDOM OF ESWATINI,ESWATINI,KINGDOM OF ESWATINI,SZ,SWZ
FEDERAL DEMOCRATIC REPUBLIC OF ETHIOPIA,ETHIOPIA,FEDERAL DEMOCRATIC REPUBLIC OF ETHIOPIA,ET,ETH
REPUBLIC OF FIJI,FIJI,REPUBLIC OF FIJI,FJ,FJI
REPUBLIC OF FINLAND,FINLAND,REPUBLIC OF FINLAND,FI,FIN
FRENCH REPUBLIC,FRANCE,FRENCH REPUBLIC,FR,FRA
GABONESE REPUBLIC,GABON,GABONESE REPUBLIC,GA,GAB
REPUBLIC OF THE GAMBIA,GAMBIA,REPUBLIC OF THE GAMBIA,GM,GMB
GEORGIA,GEORGIA,GEORGIA,GE,GEO
FEDERAL REPUBLIC OF GERMANY,GERMANY,FEDERAL REPUBLIC OF GERMANY,DE,DEU
REPUBLIC OF GHANA,GHANA,REPUBLIC OF GHANA,GH,GHA
HELLENIC REPUBLIC,GREECE,HELLENIC REPUBLIC,GR,GRC
GRENADA,GRENADA,GRENADA,GD,GRD
REPUBLIC OF GUATEMALA,GUATEMALA,REPUBLIC OF GUATEMALA,GT,GTM
REPUBLIC OF GUINEA,GUINEA,REPUBLIC OF GUINEA,GN,GIN
REPUBLIC OF GUINEA-BISSAU,GUINEA-BISSAU,REPUBLIC OF GUINEA-BISSAU,GW,GNB
CO-OPERATIVE REPUBLIC OF GUYANA,GUYANA,CO-OPERATIVE REPUBLIC OF GUYANA,GY,GUY
REPUBLIC OF HAITI,HAITI,REPUBLIC OF HAITI,HT,HTI
HOLY SEE,HOLY SEE,HOLY SEE,VA,VAT
REPUBLIC OF HONDURAS,HONDURAS,REPUBLIC OF HONDURAS,HN,HND
HUNGARY,HUNGARY,HUNGARY,HU,HUN
REPUBLIC OF ICELAND,ICELAND,REPUBLIC OF ICELAND,IS,ISL
REPUBLIC OF INDIA,INDIA,REPUBLIC OF INDIA,IN,IND
REPUBLIC OF INDONESIA,INDONESIA,REPUBLIC OF INDONESIA,ID,IDN
ISLAMIC REPUBLIC OF IRAN,IRAN,ISLAMIC REPUBLIC OF IRAN,IR,IRN
REPUBLIC OF IRAQ,IRAQ,REPUBLIC OF IRAQ,IQ,IRQ
IRELAND,IRELAND,IRELAND,IE,IRL
STATE OF ISRAEL,ISRAEL,STATE OF ISRAEL,IL,ISR
ITALIAN REPUBLIC,ITALY,ITALIAN REPUBLIC,IT,ITA
JAMAICA,JAMAICA,JAMAICA,JM,JAM
JAPAN,JAPAN,JAPAN,JP,JPN
HASHEMITE KINGDOM OF JORDAN,JORDAN,HASHEMITE KINGDOM OF JORDAN,JO,JOR
REPUBLIC OF KAZAKHSTAN,KAZAKHSTAN,REPUBLIC OF KAZAKHSTAN,KZ,KAZ
REPUBLIC OF KENYA,KENYA,REPUBLIC OF KENYA,KE,KEN
REPUBLIC OF KIRIBATI,KIRIBATI,REPUBLIC OF KIRIBATI,KI,KIR
REPUBLIC OF KOSOVO,KOSOVO,REPUBLIC OF KOSOVO,XK,XKS
STATE OF KUWAIT,KUWAIT,STATE OF KUWAIT,KW,KWT
KYRGYZ REPUBLIC,KYRGYZSTAN,KYRGYZ REPUBLIC,KG,KGZ
LAO PEOPLE'S DEMOCRATIC REPUBLIC,LAOS,LAO PEOPLE'S DEMOCRATIC REPUBLIC,LA,LAO
REPUBLIC OF LATVIA,LATVIA,REPUBLIC OF LATVIA,LV,LVA
LEBANESE REPUBLIC,LEBANON,LEBANESE REPUBLIC,LB,LBN
KINGDOM OF LESOTHO,LESOTHO,KINGDOM OF LESOTHO,LS,LSO
REPUBLIC OF LIBERIA,LIBERIA,REPUBLIC OF LIBERIA,LR,LBR
STATE OF LIBYA,LIBYA,STATE OF LIBYA,LY,LBY
PRINCIPALITY OF LIECHTENSTEIN,LIECHTENSTEIN,PRINCIPALITY OF LIECHTENSTEIN,LI,LIE
REPUBLIC OF LITHUANIA,LITHUANIA,REPUBLIC OF LITHUANIA,LT,LTU
GRAND DUCHY OF LUXEMBOURG,LUXEMBOURG,GRAND DUCHY OF LUXEMBOURG,LU,LUX
REPUBLIC OF MACEDONIA,MACEDONIA,REPUBLIC OF MACEDONIA,MK,MKD
REPUBLIC OF MADAGASCAR,MADAGASCAR,REPUBLIC OF MADAGASCAR,MG,MDG
REPUBLIC OF MALAWI,MALAWI,REPUBLIC OF MALAWI,MW,MWI
MALAYSIA,MALAYSIA,MALAYSIA,MY,MYS
REPUBLIC OF MALDIVES,MALDIVES,REPUBLIC OF MALDIVES,MV,MDV
REPUBLIC OF MALI,MALI,REPUBLIC OF MALI,ML,MLI
REPUBLIC OF MALTA,MALTA,REPUBLIC OF MALTA,MT,MLT
REPUBLIC OF THE MARSHALL ISLANDS,MARSHALL ISLANDS,REPUBLIC OF THE MARSHALL ISLANDS,MH,MHL
ISLAMIC REPUBLIC OF MAURITANIA,MAURITANIA,ISLAMIC REPUBLIC OF MAURITANIA,MR,MRT
REPUBLIC OF MAURITIUS,MAURITIUS,REPUBLIC OF MAURITIUS,MU,MUS
UNITED MEXICAN STATES,MEXICO,UNITED MEXICAN STATES,MX,MEX
FEDERATED STATES OF MICRONESIA,MICRONESIA,FEDERATED STATES OF MICRONESIA,FM,FSM
REPUBLIC OF MOLDOVA,MOLDOVA,REPUBLIC OF MOLDOVA,MD,MDA
PRINCIPALITY OF MONACO,MONACO,PRINCIPALITY OF MONACO,MC,MCO
MONGOLIA,MONGOLIA,MONGOLIA,MN,MNG
MONTENEGRO,MONTENEGRO,MONTENEGRO,ME,MNE
KINGDOM OF MOROCCO,MOROCCO,KINGDOM OF MOROCCO,MA,MAR
REPUBLIC OF MOZAMBIQUE,MOZAMBIQUE,REPUBLIC OF MOZAMBIQUE,MZ,MOZ
REPUBLIC OF NAMIBIA,NAMIBIA,REPUBLIC OF NAMIBIA,NA,NAM
REPUBLIC OF NAURU,NAURU,REPUBLIC OF NAURU,NR,NRU
FEDERAL DEMOCRATIC REPUBLIC OF NEPAL,NEPAL,FEDERAL DEMOCRATIC REPUBLIC OF NEPAL,NP,NPL
KINGDOM OF THE NETHERLANDS,NETHERLANDS,KINGDOM OF THE NETHERLANDS,NL,NLD
NEW ZEALAND,NEW ZEALAND,NEW ZEALAND,NZ,NZL
REPUBLIC OF NICARAGUA,NICARAGUA,REPUBLIC OF NICARAGUA,NI,NIC
REPUBLIC OF NIGER,NIGER,REPUBLIC OF NIGER,NE,NER
FEDERAL REPUBLIC OF NIGERIA,NIGERIA,FEDERAL REPUBLIC OF NIGERIA,NG,NGA
DEMOCRATIC PEOPLE'S REPUBLIC OF KOREA,NORTH KOREA,DEMOCRATIC PEOPLE'S REPUBLIC OF KOREA,KP,PRK
KINGDOM OF NORWAY,NORWAY,KINGDOM OF NORWAY,NO,NOR
SULTANATE OF OMAN,OMAN,SULTANATE OF OMAN,OM,OMN
ISLAMIC REPUBLIC OF PAKISTAN,PAKISTAN,ISLAMIC REPUBLIC OF PAKISTAN,PK,PAK
REPUBLIC OF PALAU,PALAU,REPUBLIC OF PALAU,PW,PLW
REPUBLIC OF PANAMA,PANAMA,REPUBLIC OF PANAMA,PA,PAN
INDEPENDENT STATE OF PAPUA NEW GUINEA,PAPUA NEW GUINEA,INDEPENDENT STATE OF PAPUA NEW GUINEA,PG,PNG
REPUBLIC OF PARAGUAY,PARAGUAY,REPUBLIC OF PARAGUAY,PY,PRY
REPUBLIC OF PERU,PERU,REPUBLIC OF PERU,PE,PER
REPUBLIC OF THE PHILIPPINES,PHILIPPINES,REPUBLIC OF THE PHILIPPINES,PH,PHL
REPUBLIC OF POLAND,POLAND,REPUBLIC OF POLAND,PL,POL
PORTUGUESE REPUBLIC,PORTUGAL,PORTUGUESE REPUBLIC,PT,PRT
STATE OF QATAR,QATAR,STATE OF QATAR,QA,QAT
ROMANIA,ROMANIA,ROMANIA,RO,ROU
RUSSIAN FEDERATION,RUSSIA,RUSSIAN FEDERATION,RU,RUS
REPUBLIC OF RWANDA,RWANDA,REPUBLIC OF RWANDA,RW,RWA
FEDERATION OF SAINT KITTS AND NEVIS,SAINT KITTS AND NEVIS,FEDERATION OF SAINT KITTS AND NEVIS,KN,KNA
SAINT LUCIA,SAINT LUCIA,SAINT LUCIA,LC,LCA
SAINT VINCENT AND THE GRENADINES,SAINT VINCENT AND THE GRENADINES,SAINT VINCENT AND THE GRENADINES,VC,VCT
INDEPENDENT STATE OF SAMOA,SAMOA,INDEPENDENT STATE OF SAMOA,WS,WSM
REPUBLIC OF SAN MARINO,SAN MARINO,REPUBLIC OF SAN MARINO,SM,SMR
DEMOCRATIC REPUBLIC OF SAO TOME AND PRINCIPE,SAO TOME AND PRINCIPE,DEMOCRATIC REPUBLIC OF SAO TOME AND PRINCIPE,ST,STP
KINGDOM OF SAUDI ARABIA,SAUDI ARABIA,KINGDOM OF SAUDI ARABIA,SA,SAU
REPUBLIC OF SENEGAL,SENEGAL,REPUBLIC OF SENEGAL,SN,SEN
REPUBLIC OF SERBIA,SERBIA,REPUBLIC OF SERBIA,RS,SRB
REPUBLIC OF SEYCHELLES,SEYCHELLES,REPUBLIC OF SEYCHELLES,SC,SYC
REPUBLIC OF SIERRA LEONE,SIERRA LEONE,REPUBLIC OF SIERRA LEONE,SL,SLE
REPUBLIC OF SINGAPORE,SINGAPORE,REPUBLIC OF SINGAPORE,SG,SGP
SLOVAK REPUBLIC,SLOVAKIA,SLOVAK REPUBLIC,SK,SVK
REPUBLIC OF SLOVENIA,SLOVENIA,REPUBLIC OF SLOVENIA,SI,SVN
SOLOMON ISLANDS,SOLOMON ISLANDS,SOLOMON ISLANDS,SB,SLB
FEDERAL REPUBLIC OF SOMALIA,SOMALIA,FEDERAL REPUBLIC OF SOMALIA,SO,SOM
REPUBLIC OF SOUTH AFRICA,SOUTH AFRICA,REPUBLIC OF SOUTH AFRICA,ZA,ZAF
REPUBLIC OF KOREA,SOUTH KOREA,REPUBLIC OF KOREA,KR,KOR
REPUBLIC OF SOUTH SUDAN,SOUTH SUDAN,REPUBLIC OF SOUTH SUDAN,SS,SSD
KINGDOM OF SPAIN,SPAIN,KINGDOM OF SPAIN,ES,ESP
DEMOCRATIC SOCIALIST REPUBLIC OF SRI LANKA,SRI LANKA,DEMOCRATIC SOCIALIST REPUBLIC OF SRI LANKA,LK,LKA
REPUBLIC OF THE SUDAN,SUDAN,REPUBLIC OF THE SUDAN,SD,SDN
REPUBLIC OF SURINAME,SURINAME,REPUBLIC OF SURINAME,SR,SUR
KINGDOM OF SWEDEN,SWEDEN,KINGDOM OF SWEDEN,SE,SWE
SWISS CONFEDERATION,SWITZERLAND,SWISS CONFEDERATION,CH,CHE
SYRIAN ARAB REPUBLIC,SYRIA,SYRIAN ARAB REPUBLIC,SY,SYR
REPUBLIC OF TAJIKISTAN,TAJIKISTAN,REPUBLIC OF TAJIKISTAN,TJ,TJK
UNITED REPUBLIC OF TANZANIA,TANZANIA,UNITED REPUBLIC OF TANZANIA,TZ,TZA
KINGDOM OF THAILAND,THAILAND,KINGDOM OF THAILAND,TH,THA
DEMOCRATIC REPUBLIC OF TIMOR-LESTE,TIMOR-LESTE,DEMOCRATIC REPUBLIC OF TIMOR-LESTE,TL,TLS
TOGOLESE REPUBLIC,TOGO,TOGOLESE REPUBLIC,TG,TGO
KINGDOM OF TONGA,TONGA,KINGDOM OF TONGA,TO,TON
REPUBLIC OF TRINIDAD AND TOBAGO,TRINIDAD AND TOBAGO,REPUBLIC OF TRINIDAD AND TOBAGO,TT,TTO
REPUBLIC OF TUNISIA,TUNISIA,REPUBLIC OF TUNISIA,TN,TUN
REPUBLIC OF TURKEY,TURKEY,REPUBLIC OF TURKEY,TR,TUR
TURKMENISTAN,TURKMENISTAN,TURKMENISTAN,TM,TKM
TUVALU,TUVALU,TUVALU,TV,TUV
REPUBLIC OF UGANDA,UGANDA,REPUBLIC OF UGANDA,UG,UGA
UKRAINE,UKRAINE,UKRAINE,UA,UKR
UNITED ARAB EMIRATES,UNITED ARAB EMIRATES,UNITED ARAB EMIRATES,AE,ARE
UNITED KINGDOM OF GREAT BRITAIN AND NORTHERN IRELAND,UNITED KINGDOM,UNITED KINGDOM OF GREAT BRITAIN AND NORTHERN IRELAND,GB,GBR
UNITED STATES OF AMERICA,UNITED STATES,UNITED STATES OF AMERICA,US,USA
ORIENTAL REPUBLIC OF URUGUAY,URUGUAY,ORIENTAL REPUBLIC OF URUGUAY,UY,URY
REPUBLIC OF UZBEKISTAN,UZBEKISTAN,REPUBLIC OF UZBEKISTAN,UZ,UZB
REPUBLIC OF VANUATU,VANUATU,REPUBLIC OF VANUATU,VU,VUT
BOLIVARIAN REPUBLIC OF VENEZUELA,VENEZUELA,BOLIVARIAN REPUBLIC OF VENEZUELA,VE,VEN
SOCIALIST REPUBLIC OF VIETNAM,VIETNAM,SOCIALIST REPUBLIC OF VIETNAM,VN,VNM
REPUBLIC OF YEMEN,YEMEN,REPUBLIC OF YEMEN,YE,YEM
REPUBLIC OF ZAMBIA,ZAMBIA,REPUBLIC OF ZAMBIA,ZM,ZMB
REPUBLIC OF ZIMBABWE,ZIMBABWE,REPUBLIC OF ZIMBABWE,ZW,ZWE
AF,AFGHANISTAN,ISLAMIC REPUBLIC OF AFGHANISTAN,AF,AFG
AL,ALBANIA,REPUBLIC OF ALBANIA,AL,ALB
DZ,ALGERIA,PEOPLE'S DEMOCRATIC REPUBLIC OF ALGERIA,DZ,DZA
AD,ANDORRA,PRINCIPALITY OF ANDORRA,AD,AND
AO,ANGOLA,REPUBLIC OF ANGOLA,AO,AGO
AG,ANTIGUA AND BARBUDA,ANTIGUA AND BARBUDA,AG,ATG
AR,ARGENTINA,ARGENTINE REPUBLIC,AR,ARG
AM,ARMENIA,REPUBLIC OF ARMENIA,AM,ARM
AU,AUSTRALIA,COMMONWEALTH OF AUSTRALIA,AU,AUS
AT,AUSTRIA,REPUBLIC OF AUSTRIA,AT,AUT
AZ,AZERBAIJAN,REPUBLIC OF AZERBAIJAN,AZ,AZE
BS,BAHAMAS,COMMONWEALTH OF THE BAHAMAS,BS,BHS
BH,BAHRAIN,KINGDOM OF BAHRAIN,BH,BHR
BD,BANGLADESH,PEOPLE'S REPUBLIC OF BANGLADESH,BD,BGD
BB,BARBADOS,BARBADOS,BB,BRB
BY,BELARUS,REPUBLIC OF BELARUS,BY,BLR
BE,BELGIUM,KINGDOM OF BELGIUM,BE,BEL
BZ,BELIZE,BELIZE,BZ,BLZ
BJ,BENIN,REPUBLIC OF BENIN,BJ,BEN
BT,BHUTAN,KINGDOM OF BHUTAN,BT,BTN
BO,BOLIVIA,PLURINATIONAL STATE OF BOLIVIA,BO,BOL
BA,BOSNIA AND HERZEGOVINA,BOSNIA AND HERZEGOVINA,BA,BIH
BW,BOTSWANA,REPUBLIC OF BOTSWANA,BW,BWA
BR,BRAZIL,FEDERATIVE REPUBLIC OF BRAZIL,BR,BRA
BN,BRUNEI,BRUNEI DARUSSALAM,BN,BRN
BG,BULGARIA,REPUBLIC OF BULGARIA,BG,BGR
BF,BURKINA FASO,BURKINA FASO,BF,BFA
MM,BURMA,UNION OF BURMA,MM,MMR
BI,BURUNDI,REPUBLIC OF BURUNDI,BI,BDI
CV,CABO VERDE,REPUBLIC OF CABO VERDE,CV,CPV
KH,CAMBODIA,KINGDOM OF CAMBODIA,KH,KHM
CM,CAMEROON,REPUBLIC OF CAMEROON,CM,CMR
CA,CANADA,CANADA,CA,CAN
CF,CENTRAL AFRICAN REPUBLIC,CENTRAL AFRICAN REPUBLIC,CF,CAF
TD,CHAD,REPUBLIC OF CHAD,TD,TCD
CL,CHILE,REPUBLIC OF CHILE,CL,CHL
CN,CHINA,PEOPLE'S REPUBLIC OF CHINA,CN,CHN
CO,COLOMBIA,REPUBLIC OF COLOMBIA,CO,COL
KM,COMOROS,UNION OF THE COMOROS,KM,COM
CD,CONGO,DEMOCRATIC REPUBLIC OF THE CONGO,CD,COD
CG,CONGO,REPUBLIC OF THE CONGO,CG,COG
CR,COSTA RICA,REPUBLIC OF COSTA RICA,CR,CRI
CI,CÔTE D'IVOIRE,REPUBLIC OF CÔTE D'IVOIRE,CI,CIV
HR,CROATIA,REPUBLIC OF CROATIA,HR,HRV
CU,CUBA,REPUBLIC OF CUBA,CU,CUB
CY,CYPRUS,REPUBLIC OF CYPRUS,CY,CYP
CZ,CZECHIA,CZECH REPUBLIC,CZ,CZE
DK,DENMARK,KINGDOM OF DENMARK,DK,DNK
DJ,DJIBOUTI,REPUBLIC OF DJIBOUTI,DJ,DJI
DM,DOMINICA,COMMONWEALTH OF DOMINICA,DM,DMA
DO,DOMINICAN REPUBLIC,DOMINICAN REPUBLIC,DO,DOM
EC,ECUADOR,REPUBLIC OF ECUADOR,EC,ECU
EG,EGYPT,ARAB REPUBLIC OF EGYPT,EG,EGY
SV,EL SALVADOR,REPUBLIC OF EL SALVADOR,SV,SLV
GQ,EQUATORIAL GUINEA,REPUBLIC OF EQUATORIAL GUINEA,GQ,GNQ
ER,ERITREA,STATE OF ERITREA,ER,ERI
EE,ESTONIA,REPUBLIC OF ESTONIA,EE,EST
SZ,ESWATINI,KINGDOM OF ESWATINI,SZ,SWZ
ET,ETHIOPIA,FEDERAL DEMOCRATIC REPUBLIC OF ETHIOPIA,ET,ETH
FJ,FIJI,REPUBLIC OF FIJI,FJ,FJI
FI,FINLAND,REPUBLIC OF FINLAND,FI,FIN
FR,FRANCE,FRENCH REPUBLIC,FR,FRA
GA,GABON,GABONESE REPUBLIC,GA,GAB
GM,GAMBIA,REPUBLIC OF THE GAMBIA,GM,GMB
GE,GEORGIA,GEORGIA,GE,GEO
DE,GERMANY,FEDERAL REPUBLIC OF GERMANY,DE,DEU
GH,GHANA,REPUBLIC OF GHANA,GH,GHA
GR,GREECE,HELLENIC REPUBLIC,GR,GRC
GD,GRENADA,GRENADA,GD,GRD
GT,GUATEMALA,REPUBLIC OF GUATEMALA,GT,GTM
GN,GUINEA,REPUBLIC OF GUINEA,GN,GIN
GW,GUINEA-BISSAU,REPUBLIC OF GUINEA-BISSAU,GW,GNB
GY,GUYANA,CO-OPERATIVE REPUBLIC OF GUYANA,GY,GUY
HT,HAITI,REPUBLIC OF HAITI,HT,HTI
VA,HOLY SEE,HOLY SEE,VA,VAT
HN,HONDURAS,REPUBLIC OF HONDURAS,HN,HND
HU,HUNGARY,HUNGARY,HU,HUN
IS,ICELAND,REPUBLIC OF ICELAND,IS,ISL
IN,INDIA,REPUBLIC OF INDIA,IN,IND
ID,INDONESIA,REPUBLIC OF INDONESIA,ID,IDN
IR,IRAN,ISLAMIC REPUBLIC OF IRAN,IR,IRN
IQ,IRAQ,REPUBLIC OF IRAQ,IQ,IRQ
IE,IRELAND,IRELAND,IE,IRL
IL,ISRAEL,STATE OF ISRAEL,IL,ISR
IT,ITALY,ITALIAN REPUBLIC,IT,ITA
JM,JAMAICA,JAMAICA,JM,JAM
JP,JAPAN,JAPAN,JP,JPN
JO,JORDAN,HASHEMITE KINGDOM OF JORDAN,JO,JOR
KZ,KAZAKHSTAN,REPUBLIC OF KAZAKHSTAN,KZ,KAZ
KE,KENYA,REPUBLIC OF KENYA,KE,KEN
KI,KIRIBATI,REPUBLIC OF KIRIBATI,KI,KIR
XK,KOSOVO,REPUBLIC OF KOSOVO,XK,XKS
KW,KUWAIT,STATE OF KUWAIT,KW,KWT
KG,KYRGYZSTAN,KYRGYZ REPUBLIC,KG,KGZ
LA,LAOS,LAO PEOPLE'S DEMOCRATIC REPUBLIC,LA,LAO
LV,LATVIA,REPUBLIC OF LATVIA,LV,LVA
LB,LEBANON,LEBANESE REPUBLIC,LB,LBN
LS,LESOTHO,KINGDOM OF LESOTHO,LS,LSO
LR,LIBERIA,REPUBLIC OF LIBERIA,LR,LBR
LY,LIBYA,STATE OF LIBYA,LY,LBY
LI,LIECHTENSTEIN,PRINCIPALITY OF LIECHTENSTEIN,LI,LIE
LT,LITHUANIA,REPUBLIC OF LITHUANIA,LT,LTU
LU,LUXEMBOURG,GRAND DUCHY OF LUXEMBOURG,LU,LUX
MK,MACEDONIA,REPUBLIC OF MACEDONIA,MK,MKD
MG,MADAGASCAR,REPUBLIC OF MADAGASCAR,MG,MDG
MW,MALAWI,REPUBLIC OF MALAWI,MW,MWI
MY,MALAYSIA,MALAYSIA,MY,MYS
MV,MALDIVES,REPUBLIC OF MALDIVES,MV,MDV
ML,MALI,REPUBLIC OF MALI,ML,MLI
MT,MALTA,REPUBLIC OF MALTA,MT,MLT
MH,MARSHALL ISLANDS,REPUBLIC OF THE MARSHALL ISLANDS,MH,MHL
MR,MAURITANIA,ISLAMIC REPUBLIC OF MAURITANIA,MR,MRT
MU,MAURITIUS,REPUBLIC OF MAURITIUS,MU,MUS
MX,MEXICO,UNITED MEXICAN STATES,MX,MEX
FM,MICRONESIA,FEDERATED STATES OF MICRONESIA,FM,FSM
MD,MOLDOVA,REPUBLIC OF MOLDOVA,MD,MDA
MC,MONACO,PRINCIPALITY OF MONACO,MC,MCO
MN,MONGOLIA,MONGOLIA,MN,MNG
ME,MONTENEGRO,MONTENEGRO,ME,MNE
MA,MOROCCO,KINGDOM OF MOROCCO,MA,MAR
MZ,MOZAMBIQUE,REPUBLIC OF MOZAMBIQUE,MZ,MOZ
NA,NAMIBIA,REPUBLIC OF NAMIBIA,NA,NAM
NR,NAURU,REPUBLIC OF NAURU,NR,NRU
NP,NEPAL,FEDERAL DEMOCRATIC REPUBLIC OF NEPAL,NP,NPL
NL,NETHERLANDS,KINGDOM OF THE NETHERLANDS,NL,NLD
NZ,NEW ZEALAND,NEW ZEALAND,NZ,NZL
NI,NICARAGUA,REPUBLIC OF NICARAGUA,NI,NIC
NE,NIGER,REPUBLIC OF NIGER,NE,NER
NG,NIGERIA,FEDERAL REPUBLIC OF NIGERIA,NG,NGA
KP,NORTH KOREA,DEMOCRATIC PEOPLE'S REPUBLIC OF KOREA,KP,PRK
NO,NORWAY,KINGDOM OF NORWAY,NO,NOR
OM,OMAN,SULTANATE OF OMAN,OM,OMN
PK,PAKISTAN,ISLAMIC REPUBLIC OF PAKISTAN,PK,PAK
PW,PALAU,REPUBLIC OF PALAU,PW,PLW
PA,PANAMA,REPUBLIC OF PANAMA,PA,PAN
PG,PAPUA NEW GUINEA,INDEPENDENT STATE OF PAPUA NEW GUINEA,PG,PNG
PY,PARAGUAY,REPUBLIC OF PARAGUAY,PY,PRY
PE,PERU,REPUBLIC OF PERU,PE,PER
PH,PHILIPPINES,REPUBLIC OF THE PHILIPPINES,PH,PHL
PL,POLAND,REPUBLIC OF POLAND,PL,POL
PT,PORTUGAL,PORTUGUESE REPUBLIC,PT,PRT
QA,QATAR,STATE OF QATAR,QA,QAT
RO,ROMANIA,ROMANIA,RO,ROU
RU,RUSSIA,RUSSIAN FEDERATION,RU,RUS
RW,RWANDA,REPUBLIC OF RWANDA,RW,RWA
KN,SAINT KITTS AND NEVIS,FEDERATION OF SAINT KITTS AND NEVIS,KN,KNA
LC,SAINT LUCIA,SAINT LUCIA,LC,LCA
VC,SAINT VINCENT AND THE GRENADINES,SAINT VINCENT AND THE GRENADINES,VC,VCT
WS,SAMOA,INDEPENDENT STATE OF SAMOA,WS,WSM
SM,SAN MARINO,REPUBLIC OF SAN MARINO,SM,SMR
ST,SAO TOME AND PRINCIPE,DEMOCRATIC REPUBLIC OF SAO TOME AND PRINCIPE,ST,STP
SA,SAUDI ARABIA,KINGDOM OF SAUDI ARABIA,SA,SAU
SN,SENEGAL,REPUBLIC OF SENEGAL,SN,SEN
RS,SERBIA,REPUBLIC OF SERBIA,RS,SRB
SC,SEYCHELLES,REPUBLIC OF SEYCHELLES,SC,SYC
SL,SIERRA LEONE,REPUBLIC OF SIERRA LEONE,SL,SLE
SG,SINGAPORE,REPUBLIC OF SINGAPORE,SG,SGP
SK,SLOVAKIA,SLOVAK REPUBLIC,SK,SVK
SI,SLOVENIA,REPUBLIC OF SLOVENIA,SI,SVN
SB,SOLOMON ISLANDS,SOLOMON ISLANDS,SB,SLB
SO,SOMALIA,FEDERAL REPUBLIC OF SOMALIA,SO,SOM
ZA,SOUTH AFRICA,REPUBLIC OF SOUTH AFRICA,ZA,ZAF
KR,SOUTH KOREA,REPUBLIC OF KOREA,KR,KOR
SS,SOUTH SUDAN,REPUBLIC OF SOUTH SUDAN,SS,SSD
ES,SPAIN,KINGDOM OF SPAIN,ES,ESP
LK,SRI LANKA,DEMOCRATIC SOCIALIST REPUBLIC OF SRI LANKA,LK,LKA
SD,SUDAN,REPUBLIC OF THE SUDAN,SD,SDN
SR,SURINAME,REPUBLIC OF SURINAME,SR,SUR
SE,SWEDEN,KINGDOM OF SWEDEN,SE,SWE
CH,SWITZERLAND,SWISS CONFEDERATION,CH,CHE
SY,SYRIA,SYRIAN ARAB REPUBLIC,SY,SYR
TJ,TAJIKISTAN,REPUBLIC OF TAJIKISTAN,TJ,TJK
TZ,TANZANIA,UNITED REPUBLIC OF TANZANIA,TZ,TZA
TH,THAILAND,KINGDOM OF THAILAND,TH,THA
TL,TIMOR-LESTE,DEMOCRATIC REPUBLIC OF TIMOR-LESTE,TL,TLS
TG,TOGO,TOGOLESE REPUBLIC,TG,TGO
TO,TONGA,KINGDOM OF TONGA,TO,TON
TT,TRINIDAD AND TOBAGO,REPUBLIC OF TRINIDAD AND TOBAGO,TT,TTO
TN,TUNISIA,REPUBLIC OF TUNISIA,TN,TUN
TR,TURKEY,REPUBLIC OF TURKEY,TR,TUR
TM,TURKMENISTAN,TURKMENISTAN,TM,TKM
TV,TUVALU,TUVALU,TV,TUV
UG,UGANDA,REPUBLIC OF UGANDA,UG,UGA
UA,UKRAINE,UKRAINE,UA,UKR
AE,UNITED ARAB EMIRATES,UNITED ARAB EMIRATES,AE,ARE
GB,UNITED KINGDOM,UNITED KINGDOM OF GREAT BRITAIN AND NORTHERN IRELAND,GB,GBR
US,UNITED STATES,UNITED STATES OF AMERICA,US,USA
UY,URUGUAY,ORIENTAL REPUBLIC OF URUGUAY,UY,URY
UZ,UZBEKISTAN,REPUBLIC OF UZBEKISTAN,UZ,UZB
VU,VANUATU,REPUBLIC OF VANUATU,VU,VUT
VE,VENEZUELA,BOLIVARIAN REPUBLIC OF VENEZUELA,VE,VEN
VN,VIETNAM,SOCIALIST REPUBLIC OF VIETNAM,VN,VNM
YE,YEMEN,REPUBLIC OF YEMEN,YE,YEM
ZM,ZAMBIA,REPUBLIC OF ZAMBIA,ZM,ZMB
ZW,ZIMBABWE,REPUBLIC OF ZIMBABWE,ZW,ZWE
AFG,AFGHANISTAN,ISLAMIC REPUBLIC OF AFGHANISTAN,AF,AFG
ALB,ALBANIA,REPUBLIC OF ALBANIA,AL,ALB
DZA,ALGERIA,PEOPLE'S DEMOCRATIC REPUBLIC OF ALGERIA,DZ,DZA
AND,ANDORRA,PRINCIPALITY OF ANDORRA,AD,AND
AGO,ANGOLA,REPUBLIC OF ANGOLA,AO,AGO
ATG,ANTIGUA AND BARBUDA,ANTIGUA AND BARBUDA,AG,ATG
ARG,ARGENTINA,ARGENTINE REPUBLIC,AR,ARG
ARM,ARMENIA,REPUBLIC OF ARMENIA,AM,ARM
AUS,AUSTRALIA,COMMONWEALTH OF AUSTRALIA,AU,AUS
AUT,AUSTRIA,REPUBLIC OF AUSTRIA,AT,AUT
AZE,AZERBAIJAN,REPUBLIC OF AZERBAIJAN,AZ,AZE
BHS,BAHAMAS,COMMONWEALTH OF THE BAHAMAS,BS,BHS
BHR,BAHRAIN,KINGDOM OF BAHRAIN,BH,BHR
BGD,BANGLADESH,PEOPLE'S REPUBLIC OF BANGLADESH,BD,BGD
BRB,BARBADOS,BARBADOS,BB,BRB
BLR,BELARUS,REPUBLIC OF BELARUS,BY,BLR
BEL,BELGIUM,KINGDOM OF BELGIUM,BE,BEL
BLZ,BELIZE,BELIZE,BZ,BLZ
BEN,BENIN,REPUBLIC OF BENIN,BJ,BEN
BTN,BHUTAN,KINGDOM OF BHUTAN,BT,BTN
BOL,BOLIVIA,PLURINATIONAL STATE OF BOLIVIA,BO,BOL
BIH,BOSNIA AND HERZEGOVINA,BOSNIA AND HERZEGOVINA,BA,BIH
BWA,BOTSWANA,REPUBLIC OF BOTSWANA,BW,BWA
BRA,BRAZIL,FEDERATIVE REPUBLIC OF BRAZIL,BR,BRA
BRN,BRUNEI,BRUNEI DARUSSALAM,BN,BRN
BGR,BULGARIA,REPUBLIC OF BULGARIA,BG,BGR
BFA,BURKINA FASO,BURKINA FASO,BF,BFA
MMR,BURMA,UNION OF BURMA,MM,MMR
BDI,BURUNDI,REPUBLIC OF BURUNDI,BI,BDI
CPV,CABO VERDE,REPUBLIC OF CABO VERDE,CV,CPV
KHM,CAMBODIA,KINGDOM OF CAMBODIA,KH,KHM
CMR,CAMEROON,REPUBLIC OF CAMEROON,CM,CMR
CAN,CANADA,CANADA,CA,CAN
CAF,CENTRAL AFRICAN REPUBLIC,CENTRAL AFRICAN REPUBLIC,CF,CAF
TCD,CHAD,REPUBLIC OF CHAD,TD,TCD
CHL,CHILE,REPUBLIC OF CHILE,CL,CHL
CHN,CHINA,PEOPLE'S REPUBLIC OF CHINA,CN,CHN
COL,COLOMBIA,REPUBLIC OF COLOMBIA,CO,COL
COM,COMOROS,UNION OF THE COMOROS,KM,COM
COD,CONGO,DEMOCRATIC REPUBLIC OF THE CONGO,CD,COD
COG,CONGO,REPUBLIC OF THE CONGO,CG,COG
CRI,COSTA RICA,REPUBLIC OF COSTA RICA,CR,CRI
CIV,CÔTE D'IVOIRE,REPUBLIC OF CÔTE D'IVOIRE,CI,CIV
HRV,CROATIA,REPUBLIC OF CROATIA,HR,HRV
CUB,CUBA,REPUBLIC OF CUBA,CU,CUB
CYP,CYPRUS,REPUBLIC OF CYPRUS,CY,CYP
CZE,CZECHIA,CZECH REPUBLIC,CZ,CZE
DNK,DENMARK,KINGDOM OF DENMARK,DK,DNK
DJI,DJIBOUTI,REPUBLIC OF DJIBOUTI,DJ,DJI
DMA,DOMINICA,COMMONWEALTH OF DOMINICA,DM,DMA
DOM,DOMINICAN REPUBLIC,DOMINICAN REPUBLIC,DO,DOM
ECU,ECUADOR,REPUBLIC OF ECUADOR,EC,ECU
EGY,EGYPT,ARAB REPUBLIC OF EGYPT,EG,EGY
SLV,EL SALVADOR,REPUBLIC OF EL SALVADOR,SV,SLV
GNQ,EQUATORIAL GUINEA,REPUBLIC OF EQUATORIAL GUINEA,GQ,GNQ
ERI,ERITREA,STATE OF ERITREA,ER,ERI
EST,ESTONIA,REPUBLIC OF ESTONIA,EE,EST
SWZ,ESWATINI,KINGDOM OF ESWATINI,SZ,SWZ
ETH,ETHIOPIA,FEDERAL DEMOCRATIC REPUBLIC OF ETHIOPIA,ET,ETH
FJI,FIJI,REPUBLIC OF FIJI,FJ,FJI
FIN,FINLAND,REPUBLIC OF FINLAND,FI,FIN
FRA,FRANCE,FRENCH REPUBLIC,FR,FRA
GAB,GABON,GABONESE REPUBLIC,GA,GAB
GMB,GAMBIA,REPUBLIC OF THE GAMBIA,GM,GMB
GEO,GEORGIA,GEORGIA,GE,GEO
DEU,GERMANY,FEDERAL REPUBLIC OF GERMANY,DE,DEU
GHA,GHANA,REPUBLIC OF GHANA,GH,GHA
GRC,GREECE,HELLENIC REPUBLIC,GR,GRC
GRD,GRENADA,GRENADA,GD,GRD
GTM,GUATEMALA,REPUBLIC OF GUATEMALA,GT,GTM
GIN,GUINEA,REPUBLIC OF GUINEA,GN,GIN
GNB,GUINEA-BISSAU,REPUBLIC OF GUINEA-BISSAU,GW,GNB
GUY,GUYANA,CO-OPERATIVE REPUBLIC OF GUYANA,GY,GUY
HTI,HAITI,REPUBLIC OF HAITI,HT,HTI
VAT,HOLY SEE,HOLY SEE,VA,VAT
HND,HONDURAS,REPUBLIC OF HONDURAS,HN,HND
HUN,HUNGARY,HUNGARY,HU,HUN
ISL,ICELAND,REPUBLIC OF ICELAND,IS,ISL
IND,INDIA,REPUBLIC OF INDIA,IN,IND
IDN,INDONESIA,REPUBLIC OF INDONESIA,ID,IDN
IRN,IRAN,ISLAMIC REPUBLIC OF IRAN,IR,IRN
IRQ,IRAQ,REPUBLIC OF IRAQ,IQ,IRQ
IRL,IRELAND,IRELAND,IE,IRL
ISR,ISRAEL,STATE OF ISRAEL,IL,ISR
ITA,ITALY,ITALIAN REPUBLIC,IT,ITA
JAM,JAMAICA,JAMAICA,JM,JAM
JPN,JAPAN,JAPAN,JP,JPN
JOR,JORDAN,HASHEMITE KINGDOM OF JORDAN,JO,JOR
KAZ,KAZAKHSTAN,REPUBLIC OF KAZAKHSTAN,KZ,KAZ
KEN,KENYA,REPUBLIC OF KENYA,KE,KEN
KIR,KIRIBATI,REPUBLIC OF KIRIBATI,KI,KIR
XKS,KOSOVO,REPUBLIC OF KOSOVO,XK,XKS
KWT,KUWAIT,STATE OF KUWAIT,KW,KWT
KGZ,KYRGYZSTAN,KYRGYZ REPUBLIC,KG,KGZ
LAO,LAOS,LAO PEOPLE'S DEMOCRATIC REPUBLIC,LA,LAO
LVA,LATVIA,REPUBLIC OF LATVIA,LV,LVA
LBN,LEBANON,LEBANESE REPUBLIC,LB,LBN
LSO,LESOTHO,KINGDOM OF LESOTHO,LS,LSO
LBR,LIBERIA,REPUBLIC OF LIBERIA,LR,LBR
LBY,LIBYA,STATE OF LIBYA,LY,LBY
LIE,LIECHTENSTEIN,PRINCIPALITY OF LIECHTENSTEIN,LI,LIE
LTU,LITHUANIA,REPUBLIC OF LITHUANIA,LT,LTU
LUX,LUXEMBOURG,GRAND DUCHY OF LUXEMBOURG,LU,LUX
MKD,MACEDONIA,REPUBLIC OF MACEDONIA,MK,MKD
MDG,MADAGASCAR,REPUBLIC OF MADAGASCAR,MG,MDG
MWI,MALAWI,REPUBLIC OF MALAWI,MW,MWI
MYS,MALAYSIA,MALAYSIA,MY,MYS
MDV,MALDIVES,REPUBLIC OF MALDIVES,MV,MDV
MLI,MALI,REPUBLIC OF MALI,ML,MLI
MLT,MALTA,REPUBLIC OF MALTA,MT,MLT
MHL,MARSHALL ISLANDS,REPUBLIC OF THE MARSHALL ISLANDS,MH,MHL
MRT,MAURITANIA,ISLAMIC REPUBLIC OF MAURITANIA,MR,MRT
MUS,MAURITIUS,REPUBLIC OF MAURITIUS,MU,MUS
MEX,MEXICO,UNITED MEXICAN STATES,MX,MEX
FSM,MICRONESIA,FEDERATED STATES OF MICRONESIA,FM,FSM
MDA,MOLDOVA,REPUBLIC OF MOLDOVA,MD,MDA
MCO,MONACO,PRINCIPALITY OF MONACO,MC,MCO
MNG,MONGOLIA,MONGOLIA,MN,MNG
MNE,MONTENEGRO,MONTENEGRO,ME,MNE
MAR,MOROCCO,KINGDOM OF MOROCCO,MA,MAR
MOZ,MOZAMBIQUE,REPUBLIC OF MOZAMBIQUE,MZ,MOZ
NAM,NAMIBIA,REPUBLIC OF NAMIBIA,NA,NAM
NRU,NAURU,REPUBLIC OF NAURU,NR,NRU
NPL,NEPAL,FEDERAL DEMOCRATIC REPUBLIC OF NEPAL,NP,NPL
NLD,NETHERLANDS,KINGDOM OF THE NETHERLANDS,NL,NLD
NZL,NEW ZEALAND,NEW ZEALAND,NZ,NZL
NIC,NICARAGUA,REPUBLIC OF NICARAGUA,NI,NIC
NER,NIGER,REPUBLIC OF NIGER,NE,NER
NGA,NIGERIA,FEDERAL REPUBLIC OF NIGERIA,NG,NGA
PRK,NORTH KOREA,DEMOCRATIC PEOPLE'S REPUBLIC OF KOREA,KP,PRK
NOR,NORWAY,KINGDOM OF NORWAY,NO,NOR
OMN,OMAN,SULTANATE OF OMAN,OM,OMN
PAK,PAKISTAN,ISLAMIC REPUBLIC OF PAKISTAN,PK,PAK
PLW,PALAU,REPUBLIC OF PALAU,PW,PLW
PAN,PANAMA,REPUBLIC OF PANAMA,PA,PAN
PNG,PAPUA NEW GUINEA,INDEPENDENT STATE OF PAPUA NEW GUINEA,PG,PNG
PRY,PARAGUAY,REPUBLIC OF PARAGUAY,PY,PRY
PER,PERU,REPUBLIC OF PERU,PE,PER
PHL,PHILIPPINES,REPUBLIC OF THE PHILIPPINES,PH,PHL
POL,POLAND,REPUBLIC OF POLAND,PL,POL
PRT,PORTUGAL,PORTUGUESE REPUBLIC,PT,PRT
QAT,QATAR,STATE OF QATAR,QA,QAT
ROU,ROMANIA,ROMANIA,RO,ROU
RUS,RUSSIA,RUSSIAN FEDERATION,RU,RUS
RWA,RWANDA,REPUBLIC OF RWANDA,RW,RWA
KNA,SAINT KITTS AND NEVIS,FEDERATION OF SAINT KITTS AND NEVIS,KN,KNA
LCA,SAINT LUCIA,SAINT LUCIA,LC,LCA
VCT,SAINT VINCENT AND THE GRENADINES,SAINT VINCENT AND THE GRENADINES,VC,VCT
WSM,SAMOA,INDEPENDENT STATE OF SAMOA,WS,WSM
SMR,SAN MARINO,REPUBLIC OF SAN MARINO,SM,SMR
STP,SAO TOME AND PRINCIPE,DEMOCRATIC REPUBLIC OF SAO TOME AND PRINCIPE,ST,STP
SAU,SAUDI ARABIA,KINGDOM OF SAUDI ARABIA,SA,SAU
SEN,SENEGAL,REPUBLIC OF SENEGAL,SN,SEN
SRB,SERBIA,REPUBLIC OF SERBIA,RS,SRB
SYC,SEYCHELLES,REPUBLIC OF SEYCHELLES,SC,SYC
SLE,SIERRA LEONE,REPUBLIC OF SIERRA LEONE,SL,SLE
SGP,SINGAPORE,REPUBLIC OF SINGAPORE,SG,SGP
SVK,SLOVAKIA,SLOVAK REPUBLIC,SK,SVK
SVN,SLOVENIA,REPUBLIC OF SLOVENIA,SI,SVN
SLB,SOLOMON ISLANDS,SOLOMON ISLANDS,SB,SLB
SOM,SOMALIA,FEDERAL REPUBLIC OF SOMALIA,SO,SOM
ZAF,SOUTH AFRICA,REPUBLIC OF SOUTH AFRICA,ZA,ZAF
KOR,SOUTH KOREA,REPUBLIC OF KOREA,KR,KOR
SSD,SOUTH SUDAN,REPUBLIC OF SOUTH SUDAN,SS,SSD
ESP,SPAIN,KINGDOM OF SPAIN,ES,ESP
LKA,SRI LANKA,DEMOCRATIC SOCIALIST REPUBLIC OF SRI LANKA,LK,LKA
SDN,SUDAN,REPUBLIC OF THE SUDAN,SD,SDN
SUR,SURINAME,REPUBLIC OF SURINAME,SR,SUR
SWE,SWEDEN,KINGDOM OF SWEDEN,SE,SWE
CHE,SWITZERLAND,SWISS CONFEDERATION,CH,CHE
SYR,SYRIA,SYRIAN ARAB REPUBLIC,SY,SYR
TJK,TAJIKISTAN,REPUBLIC OF TAJIKISTAN,TJ,TJK
TZA,TANZANIA,UNITED REPUBLIC OF TANZANIA,TZ,TZA
THA,THAILAND,KINGDOM OF THAILAND,TH,THA
TLS,TIMOR-LESTE,DEMOCRATIC REPUBLIC OF TIMOR-LESTE,TL,TLS
TGO,TOGO,TOGOLESE REPUBLIC,TG,TGO
TON,TONGA,KINGDOM OF TONGA,TO,TON
TTO,TRINIDAD AND TOBAGO,REPUBLIC OF TRINIDAD AND TOBAGO,TT,TTO
TUN,TUNISIA,REPUBLIC OF TUNISIA,TN,TUN
TUR,TURKEY,REPUBLIC OF TURKEY,TR,TUR
TKM,TURKMENISTAN,TURKMENISTAN,TM,TKM
TUV,TUVALU,TUVALU,TV,TUV
UGA,UGANDA,REPUBLIC OF UGANDA,UG,UGA
UKR,UKRAINE,UKRAINE,UA,UKR
ARE,UNITED ARAB EMIRATES,UNITED ARAB EMIRATES,AE,ARE
GBR,UNITED KINGDOM,UNITED KINGDOM OF GREAT BRITAIN AND NORTHERN IRELAND,GB,GBR
USA,UNITED STATES,UNITED STATES OF AMERICA,US,USA
URY,URUGUAY,ORIENTAL REPUBLIC OF URUGUAY,UY,URY
UZB,UZBEKISTAN,REPUBLIC OF UZBEKISTAN,UZ,UZB
VUT,VANUATU,REPUBLIC OF VANUATU,VU,VUT
VEN,VENEZUELA,BOLIVARIAN REPUBLIC OF VENEZUELA,VE,VEN
VNM,VIETNAM,SOCIALIST REPUBLIC OF VIETNAM,VN,VNM
YEM,YEMEN,REPUBLIC OF YEMEN,YE,YEM
ZMB,ZAMBIA,REPUBLIC OF ZAMBIA,ZM,ZMB
ZWE,ZIMBABWE,REPUBLIC OF ZIMBABWE,ZW,ZWE
