<?xml version="1.0" encoding="UTF-8"?>
<operation xmlns:xsi="http://www.w3.org/2001/XMLSchema-instance" xsi:noNamespaceSchemaLocation="file:///C:/Users/colin/Desktop/workbench-operation-CB-007.xsd">
	<properties>
		<label>Cleanse US Address</label>
		<id>CLEANSE_COMPLEX_US_ADDRESS</id>
		<title>Cleanse US address</title>
	</properties>

	<navigation>
		<group>CLEANSE</group>
		<subGroup></subGroup>
		<dataType>STRING</dataType>
		<contentType></contentType>
		<simpleOperation>false</simpleOperation>
	</navigation>

	<workbench>

		<options>
			<input type="field" isDefaultField="false" allowedType="string" id="street1" label="Street 1" data-binding="street1"/>
			<input type="field" isDefaultField="false" allowedType="string" id="street2" label="Street 2" data-binding="street2"/>
			<input type="field" isDefaultField="false" allowedType="string" id="city" label="City" data-binding="city"/>
			<input type="field" isDefaultField="false" allowedType="string" id="state" label="State" data-binding="state"/>
			<input type="field" isDefaultField="false" allowedType="string" id="zip" label="Zip" data-binding="zip"/>
			<input type="field" isDefaultField="false" allowedType="string" id="county" label="County" data-binding="county"/>
			<input type="field" isDefaultField="false" allowedType="string" id="country" label="Country" data-binding="country"/>
			<input type="field" isDefaultField="false" allowedType="string" id="Latitude" label="Latitude" data-binding="latitude"/>
			<input type="field" isDefaultField="false" allowedType="string" id="Longitude" label="Longitude" data-binding="longitude"/>
			<checkBox id="geocoding" data-binding="param_geocoding" label="Geocoding" value="false"/>
		</options>

		<tags>
			<tag label="Address empty" id="TAG_ADDRESS_EMPTY" defaultValue="ADDRESS_EMPTY" data-binding="tag_address_empty"/>		
			<tag label="Address invalid" id="TAG_ADDRESS_INVALID" defaultValue="ADDRESS_INVALID" data-binding="tag_address_invalid"/>
			<tag label="Address is not US address" id="TAG_NOT_US_ADDRESS" defaultValue="NOT_US_ADDRESS" data-binding="tag_not_us_address"/>
            <tag label="Empty street" id="TAG_EMPTY_STREET" defaultValue="EMPTY_STREET" data-binding="tag_empty_street"/>
            <tag label="Empty city" id="TAG_EMPTY_CITY" defaultValue="EMPTY_CITY" data-binding="tag_empty_city"/>
            <tag label="Empty zip" id="TAG_EMPTY_ZIP" defaultValue="EMPTY_ZIP" data-binding="tag_empty_zip"/>
            <tag label="Empty state" id="TAG_EMPTY_STATE" defaultValue="EMPTY_STATE" data-binding="tag_empty_state"/>
            <tag label="Empty country" id="TAG_EMPTY_COUNTRY" defaultValue="EMPTY_COUNTRY" data-binding="tag_empty_country"/>
		</tags>

		<postProcess><![CDATA[
			// you can put some javascript here to handle funky logic
		]]></postProcess>
	</workbench>
</operation>
