<?xml version="1.0" encoding="UTF-8"?>
<operation xmlns:xsi="http://www.w3.org/2001/XMLSchema-instance" xsi:noNamespaceSchemaLocation="file:///C:/Users/colin/Desktop/workbench-operation-CB-003.xsd">
	<properties>
		<label>Country</label>
		<id>CLEANSE_SIMPLE_COUNTRY_STRING</id>
		<title>Cleanse Country</title>
		<description>Standardize and validate Country names as either names or ISO codes</description>
	</properties>
	
	<navigation>
		<group>CLEANSE</group>
		<subGroup>CONTENT_TYPE</subGroup>
		<dataType>STRING</dataType>
		<contentType>Country</contentType>
	</navigation>
	
	<workbench>
		<formats default="ShortName" data-binding="param_format">
			<format label="LongName" value="LongName"/>
			<format label="ShortName" value="ShortName"/>
			<format label="ISO3" value="ISO3"/>
			<format label="ISO2" value="ISO2"/>
		</formats>
		
		<options>
			<checkBox id="removeInvalid" data-binding="param_remove_invalid" label="Remove invalid values?" value="true"/>
			<checkBox id="recognizeAliases" data-binding="param_Recognize_Aliases" label="Recognize Aliases?" value="true"/>
			<input id="paramApproximation" data-binding="param_approximation" label="Character Differences" value="0" type="number"/>
		</options>

		<tags>
			<tag label="Tag COUNTRY unrecognized" id="TAG_COUNTRY_UNRECOGNIZED" defaultValue="COUNTRY_UNRECOGNIZED" data-binding="tag_country_unrecognized"/>
			<tag label="Tag COUNTRY input empty" id="TAG_COUNTRY_EMPTY_INPUT" defaultValue="COUNTRY_EMPTY_INPUT" data-binding="tag_empty_input"/>
			<tag label="Tag COUNTRY cannot be cleansed due to ambiguity" id="TAG_COUNTRY_AMBIGUOUS_INPUT" defaultValue="COUNTRY_AMBIGUOUS_INPUT" data-binding="tag_ambiguous_input"/>
			<tag label="Tag COUNTRY cleansed" id="TAG_COUNTRY_CLEANSED" defaultValue="COUNTRY_CLEANSED" data-binding="tag_country_cleansed"/>
			<tag label="Tag COUNTRY standardized" id="TAG_COUNTRY_STANDARDIZED" defaultValue="COUNTRY_STANDARDIZED" data-binding="tag_country_standardized"/>
			<tag label="Tag COUNTRY known alias" id="TAG_COUNTRY_KNOWN_ALIAS" defaultValue="COUNTRY_KNOWN_ALIAS" data-binding="tag_known_alias"/>
		</tags>
		
		<postProcess><![CDATA[
			// you can put some javascript here to handle funky logic
		]]></postProcess>
	</workbench>
</operation>
