<?xml version="1.0" encoding="UTF-8" standalone="yes"?>
<operation>
    <properties>
        <label>Date of Birth</label>
        <id>CLEANSE_DOB_DATE_kQDKtDTd</id>
        <title>Cleanse Date of Birth</title>
        <description>Validate and cleanse Date of Birth</description>
    </properties>
    <navigation>
        <group>CLEANSE</group>
        <subGroup>CONTENT_TYPE</subGroup>
        <dataType>DATE</dataType>
        <contentType>DateOfBirth</contentType>
    </navigation>
    <workbench>
        <options>
            <checkBox id="removeInvalid" data-binding="param_remove_invalid" value="true" label="Remove invalid values"/>
        </options>
        <tags>
            <tag label="Tag DOB blacklisted" id="TAG_DOB_BLACKLISTED" defaultValue="DOB_BLACKLISTED" data-binding="tag_dob_blacklisted"/>
            <tag label="Tag DOB in future" id="TAG_DOB_IN_FUTURE" defaultValue="DOB_IN_FUTURE" data-binding="tag_dob_in_future"/>
            <tag label="Tag DOB in history" id="TAG_DOB_IN_HISTORY" defaultValue="DOB_IN_HISTORY" data-binding="tag_dob_in_history"/>
        </tags>
        <postProcess>
			// you can put some javascript here to handle funky logic
		</postProcess>
    </workbench>
</operation>
