<?xml version="1.0" encoding="UTF-8"?>
<operation xmlns:xsi="http://www.w3.org/2001/XMLSchema-instance" xsi:noNamespaceSchemaLocation="file:///C:/Users/colin/Desktop/workbench-operation-CB-003.xsd">
	<properties>
		<label>SSN</label>
		<id>CLEANSE_SIMPLE_SSN_STRING</id>
		<title>Cleanse SSN</title>
		<description>Standardize and validate SSN</description>		
	</properties>
	
	<navigation>
		<group>CLEANSE</group>
		<subGroup>CONTENT_TYPE</subGroup>
		<dataType>STRING</dataType>
		<contentType>SSN</contentType>
	</navigation>
	
	<workbench>
		<formats default="DDD-DD-DDDD" data-binding="param_format">
			<format label="DDD-DD-DDDD" value="DDD-DD-DDDD"/>
			<format label="DDDDDDDDD" value="DDDDDDDDD"/>
		</formats>
		
		<options>
			<checkBox id="removeInvalid" data-binding="param_remove_invalid" label="Remove invalid values?" value="true"/>
		</options>

		<tags>
			<tag label="SSN has invalid length" id="TAG_SSN_NO_9_DIGIT" defaultValue="SSN_NO_9_DIGIT" data-binding="tag_ssn_no_9_digit"/>
			<tag label="SSN all zeros in digit group" id="TAG_SSN_ZEROS_IN_DIGIT_GROUP" defaultValue="SSN_ZEROS_IN_DIGIT_GROUP" data-binding="tag_ssn_zeros_in_digit_group"/>
			<tag label="SSN contains unacceptable number" id="TAG_SSN_UNACCEPTED_NUMBER" defaultValue="SSN_UNACCEPTED_NUMBER" data-binding="tag_ssn_unaccepted_number"/>
			<tag label="SSN used for advertisement" id="TAG_SSN_USED_FOR_ADVERT" defaultValue="SSN_USED_FOR_ADVERT" data-binding="tag_ssn_used_for_advert"/>
			<tag label="SSN blacklisted" id="TAG_SSN_BLACKLISTED" defaultValue="SSN_BLACKLISTED" data-binding="tag_ssn_blacklisted"/>
			<tag label="SSN zeros added" id="TAG_SSN_ZEROS_ADDED" defaultValue="SSN_ZEROS_ADDED" data-binding="tag_ssn_zeros_added"/>
			<tag label="SSN not a SSN" id="TAG_SSN_NOT_A_SSN" defaultValue="SSN_NOT_A_SSN" data-binding="tag_ssn_not_a_ssn"/>
		</tags>
		
		<postProcess><![CDATA[
			// you can put some javascript here to handle funky logic
		]]></postProcess>
	</workbench>
</operation>
