<?xml version="1.0" encoding="UTF-8"?>
<operation xmlns:xsi="http://www.w3.org/2001/XMLSchema-instance" xsi:noNamespaceSchemaLocation="file:///C:/Users/colin/Desktop/workbench-operation-CB-002.xsd">
	<properties>
		<label>Capitalize</label>
		<id>CLEANSE_SIMPLE_CAPITALIZE_STRING</id>
		<title>Capitalize</title>
		<description>Capitalize words in string by making the first letter UPPER case while all others lower case</description>
	</properties>
	
	<navigation>
		<group>CLEANSE</group>
		<subGroup>CASE_CHANGE</subGroup>
		<dataType>STRING</dataType>
		<contentType></contentType>
	</navigation>
	
	<workbench>
		<tags>
			<tag label="Value changed" id="TAG_VALUE_CHANGED" defaultValue="VALUE_CHANGED" data-binding="tag_value_changed"/>
		</tags>
		
		<postProcess><![CDATA[
			// you can put some javascript here to handle funky logic
		]]></postProcess>
	</workbench>
</operation>
