<?xml version="1.0" encoding="UTF-8"?>
<operation xmlns:xsi="http://www.w3.org/2001/XMLSchema-instance" xsi:noNamespaceSchemaLocation="file:///C:/Users/colin/Desktop/workbench-operation-CB-003.xsd">
	<properties>
		<label>Replace value</label>
		<id>CLEANSE_SIMPLE_REPLACE_STRING</id>
		<title>Replace $replaceWhat with $replaceWithWhat</title>
		<description>Replace value on all records</description>		
	</properties>
	
	<navigation>
		<group>CLEANSE</group>
		<subGroup>REPLACEMENTS</subGroup>
		<dataType>STRING</dataType>
		<contentType></contentType>
	</navigation>
	
	<workbench>
				
		<options>
			<input id="replaceWhat" data-binding="param_replace_what" label="What" value="" type="text"/>
			<input id="replaceWithWhat" data-binding="param_replace_with_what" label="With What" value="" type="text"/>
			<checkBox id="paramCaseInsensitive" data-binding="param_case_insensitive" label="Case Insensitive" value="true"/>
			<checkBox id="paramFullStringOnly" data-binding="param_full_string_only" label="Complete Match only" value="true"/>			
			<input id="paramApproximation" data-binding="param_approximation" label="Character Differences" value="0" type="number"/>
		</options>

		<tags>
			<tag id="TAG_VALUE_CHANGED" data-binding="tag_value_changed" label="Value changed" defaultValue="VALUE_CHANGED"/>
		</tags>
		
		<postProcess><![CDATA[
			// you can put some javascript here to handle funky logic
		]]></postProcess>
	</workbench>
</operation>
