<?xml version="1.0" encoding="UTF-8"?>
<operation xmlns:xsi="http://www.w3.org/2001/XMLSchema-instance" xsi:noNamespaceSchemaLocation="file:///C:/Users/colin/Desktop/workbench-operation-CB-003.xsd">
	<properties>
		<label>Email</label>
		<id>CLEANSE_SIMPLE_EMAIL_STRING</id>
		<title>Cleanse Email</title>
		<description>Standardize and validate Emails</description>
	</properties>
	
	<navigation>
		<group>CLEANSE</group>
		<subGroup>CONTENT_TYPE</subGroup>
		<dataType>STRING</dataType>
		<contentType>Email</contentType>
	</navigation>
	
	<workbench>
		
		
		<options>
			<checkBox id="removeInvalid" data-binding="param_remove_invalid" label="Remove invalid values?" value="true"/>
			<checkBox id="param_add_com_tld" data-binding="param_add_com_tld" label="Try to add 'COM' TLD to email address?" value="true"/>									
		</options>

		<tags>
			<tag label="EMAIL empty" id="TAG_EMAIL_EMPTY" defaultValue="EMAIL_EMPTY" data-binding="tag_email_empty"/>
			<tag label="EMAIL invalid" id="TAG_EMAIL_INVALID" defaultValue="EMAIL_INVALID" data-binding="tag_email_invalid"/>
			<tag label="EMAIL invalid TLD miss" id="TAG_EMAIL_INVALID_TLD_MISS" defaultValue="EMAIL_INVALID_TLD_MISS" data-binding="tag_email_invalid_tld_miss"/>
			<tag label="EMAIL TLD not matched" id="TAG_EMAIL_TLD_NOT_MATCHED" defaultValue="EMAIL_TLD_NOT_MATCHED" data-binding="tag_email_tld_not_matched"/>
			<tag label="EMAIL domain only" id="TAG_EMAIL_DOMAIN_ONLY" defaultValue="EMAIL_DOMAIN_ONLY" data-binding="tag_email_domain_only"/>
			<tag label="EMAIL AT sign missing" id="TAG_EMAIL_AT_SIGN_MISS" defaultValue="EMAIL_AT_SIGN_MISSING" data-binding="tag_email_at_sign_miss"/>
			<tag label="EMAIL suspicious" id="TAG_EMAIL_SUSPICIOUS" defaultValue="EMAIL_SUSPICIOUS" data-binding="tag_email_suspicious"/>
			<tag label="EMAIL cleansed" id="TAG_EMAIL_CLEANSED" defaultValue="EMAIL_CLEANSED" data-binding="tag_email_cleansed"/>
			<tag label="EMAIL web address" id="TAG_EMAIL_WEB_ADDRESS" defaultValue="EMAIL_WEB_ADDRESS" data-binding="tag_email_web_address"/>
		</tags>
		
		<postProcess><![CDATA[
			// you can put some javascript here to handle funky logic
		]]></postProcess>
	</workbench>
</operation>
