<?xml version="1.0" encoding="UTF-8"?>
<operation xmlns:xsi="http://www.w3.org/2001/XMLSchema-instance" xsi:noNamespaceSchemaLocation="file:///C:/Users/colin/Desktop/workbench-operation-CB-003.xsd">
	<properties>
		<label>Replace values</label>
		<id>CLEANSE_SIMPLE_REPLACE_LIST_STRING</id>
		<title>Replace values</title>
		<description>Replace all values that occur in a list of values</description>
	</properties>
	
	<navigation>
		<group>CLEANSE</group>
		<subGroup>REPLACEMENTS</subGroup>
		<dataType>STRING</dataType>
		<contentType></contentType>
	</navigation>
	
	<workbench>
				
		<options>
			<list id="replacedValues" label="Replaced values" dialogLabel="Values to be replaced" name="simple_replace_list_STRING" showReplace="true"/>
			<input id="paramApproximation" data-binding="param_approximation" label="Character Differences" value="0" type="number"/>		
		</options>

		<tags>
			<tag id="TAG_VALUE_CHANGED" data-binding="tag_value_changed" label="Value changed" defaultValue="VALUE_CHANGED"/>
		</tags>
		
		<postProcess><![CDATA[
			// you can put some javascript here to handle funky logic
		]]></postProcess>
	</workbench>
</operation>
