<?xml version="1.0" encoding="UTF-8" standalone="yes"?>
<operation>
    <properties>
        <label>Phone</label>
        <id>CLEANSE_SIMPLE_PHONE_STRING_kQDKtDTd</id>
        <title>Cleanse Phone</title>
        <description>Standardize and validate US and international Phone numbers</description>
    </properties>
    <navigation>
        <group>CLEANSE</group>
        <subGroup>CONTENT_TYPE</subGroup>
        <dataType>STRING</dataType>
        <contentType>Phone</contentType>
    </navigation>
    <workbench>
        <formats default="(DDD) DDD-DDDD" data-binding="param_format">
            <format label="(DDD) DDD-DDDD" value="(DDD) DDD-DDDD"/>
            <format label="DDD-DDD-DDDD" value="DDD-DDD-DDDD"/>
            <format label="+D-DDD-DDD-DDDD" value="+D-DDD-DDD-DDDD"/>
            <format label="DDDDDDDDDD" value="DDDDDDDDDD"/>
        </formats>
        <options>
            <checkBox id="removeInvalid" data-binding="param_remove_invalid" value="true" label="Remove invalid values?"/>
        </options>
        <tags>
            <tag label="PHONE cleansed" id="TAG_PHONE_CLEANSED" defaultValue="PHONE_CLEANSED" data-binding="tag_phone_cleansed"/>
            <tag label="PHONE standardized" id="TAG_PHONE_STANDARDIZED" defaultValue="PHONE_STANDARDIZED" data-binding="tag_phone_standardized"/>
            <tag label="PHONE not a number" id="TAG_PHONE_NOT_A_NUMBER" defaultValue="PHONE_NOT_A_NUMBER" data-binding="tag_phone_not_a_number"/>
            <tag label="PHONE empty" id="TAG_PHONE_EMPTY" defaultValue="PHONE_EMPTY" data-binding="tag_phone_empty"/>
            <tag label="PHONE number too short" id="TAG_PHONE_NUMBER_TOO_SHORT" defaultValue="PHONE_NUMBER_TOO_SHORT" data-binding="tag_phone_number_too_short"/>
            <tag label="PHONE blacklisted" id="TAG_PHONE_BLACKLISTED" defaultValue="PHONE_BLACKLISTED" data-binding="tag_phone_blacklisted"/>
            <tag label="PHONE area code invalid" id="TAG_PHONE_AREA_CODE_INVALID" defaultValue="PHONE_AREA_CODE_INVALID" data-binding="tag_phone_area_code_invalid"/>
            <tag label="PHONE co code invalid" id="TAG_PHONE_CO_CODE_INVALID" defaultValue="PHONE_CO_CODE_INVALID" data-binding="tag_phone_co_code_invalid"/>
            <tag label="PHONE international" id="TAG_PHONE_INTERNATIONAL" defaultValue="PHONE_INTERNATIONAL" data-binding="tag_phone_international"/>
        </tags>
        <postProcess>
			// you can put some javascript here to handle funky logic
		</postProcess>
    </workbench>
</operation>
